,model,no_false,confusion_matrix,precision,sensitivity,no_links,F-score,true_pos,true_neg,false_pos,false_neg
0,svm - linear - 0.002,87,"[4876, 69, 18, 367110]",0.986046511627907,0.9963220269718022,4945,0.9911576379713385,4876,367110,69,18
1,nn - relu - 500,94,"[4855, 55, 39, 367124]",0.9887983706720977,0.9920310584389048,4910,0.9904120767033864,4855,367124,55,39
2,lg - l2 - 0.005,90,"[4867, 63, 27, 367116]",0.9872210953346856,0.9944830404577033,4930,0.9908387622149837,4867,367116,63,27
3,rf - entropy - 0.5,2407,"[4821, 2334, 73, 364845]",0.6737945492662474,0.9850837760523089,7155,0.8002323844302432,4821,364845,2334,73
4,stack bagging,104,"[4799, 9, 95, 367170]",0.9981281198003328,0.9805884756845117,4808,0.9892805607091322,4799,367170,9,95
