,model,no_false,confusion_matrix,precision,sensitivity,no_links,F-score,true_pos,true_neg,false_pos,false_neg
0,svm - linear - 0.005,189,"[4877, 172, 17, 367007]",0.9659338482867894,0.996526358806702,5049,0.980991652418787,4877,367007,172,17
1,nn - relu - 100,161,"[4876, 143, 18, 367036]",0.9715082685793983,0.9963220269718022,5019,0.9837587006960555,4876,367036,143,18
2,lg - l2 - 0.2,659,"[4886, 651, 8, 366528]",0.8824273072060683,0.998365345320801,5537,0.936822931646055,4886,366528,651,8
3,rf - entropy - 0.5,2343,"[4826, 2275, 68, 364904]",0.6796225883678355,0.9861054352268084,7101,0.804668611921634,4826,364904,2275,68
4,stack bagging,125,"[4806, 37, 88, 367142]",0.992360107371464,0.9820187985288108,4843,0.9871623703399405,4806,367142,37,88
