,model,no_false,confusion_matrix,precision,sensitivity,no_links,F-score,true_pos,true_neg,false_pos,false_neg
0,svm - linear - 0.001,1262,"[2523, 1168, 94, 358848]",0.6835545922514223,0.9640810087886893,3691,0.7999365884590995,2523,358848,1168,94
1,nn - relu - 2000,1228,"[2529, 1140, 88, 358876]",0.6892886345053147,0.9663737103553688,3669,0.8046452433980273,2529,358876,1140,88
2,lg - l2 - 0.005,1710,"[2540, 1633, 77, 358383]",0.6086748142822909,0.9705769965609476,4173,0.748159057437408,2540,358383,1633,77
3,stack bagging,925,"[2518, 826, 99, 359190]",0.7529904306220095,0.9621704241497898,3344,0.8448246938433148,2518,359190,826,99
4,stack bagging,925,"[2518, 826, 99, 359190]",0.7529904306220095,0.9621704241497898,3344,0.8448246938433148,2518,359190,826,99
